customer_id,name,email,region,signup_date,is_valid_email
413,Daniel Turner,asilva@example.net,East,2026-03-24,True
77,David Beck,thomas85@example.com,North,2026-03-22,True
32,Elizabeth Stewart,smithchristine@example.net,Central,2026-03-22,True
230,Sarah Johnson,robertmonroe@example.org,North,2026-03-22,True
431,Matthew Johnson,kelsey90@example.net,West,2026-03-21,True
187,Robert Adams,acostachristian@example.net,Central,2026-03-21,True
767,Christopher Knox,anthonyhubbard@example.com,Central,2026-03-20,True
652,Morgan Mills,douglas18@example.net,West,2026-03-19,True
508,Sherry Luna,stacey37@example.net,Central,2026-03-19,True
247,Jaime Vega,increase@newspaper,East,2026-03-19,False
761,Gregory Madden,suggest@level,West,2026-03-19,False
367,Marvin Robles,crystalpham@example.org,East,2026-03-17,True
600,Jacob Lee,brittney04@example.org,West,2026-03-15,True
423,Victoria Thomas,kimberlyfreeman@example.net,South,2026-03-15,True
422,Edwin Brown,derrickgonzalez@example.com,North,2026-03-15,True
196,Christopher Mckinney,laurahicks@example.org,Central,2026-03-14,True
103,Amanda Garner,qhughes@example.net,East,2026-03-10,True
189,Jeremy West,christina64@example.net,South,2026-03-10,True
99,Brittany Cantu,either@loss,Central,2026-03-10,False
273,Michele Miller,vnewman@example.net,Central,2026-03-08,True
729,Jordan Hughes,stephenlee@example.com,East,2026-03-07,True
607,Sharon Smith,yhall@example.net,East,2026-03-07,True
79,Pamela Lopez,joannahill@example.net,South,2026-03-07,True
40,Justin Baxter,sarayoung@example.org,East,2026-03-07,True
792,Tommy Johnson,greertyrone@example.org,South,2026-03-04,True
595,Joshua Hernandez,ericnunez@example.com,Central,2026-03-03,True
612,Lisa Garrett,robertberry@example.com,North,2026-03-03,True
127,Tiffany Holloway,batesdarlene@example.net,West,2026-03-03,True
755,Brittney Cordova,deborah47@example.com,North,2026-03-02,True
507,Kenneth Brown,sandra86@example.net,North,2026-03-02,True
707,Ryan Hodges,deborah28@example.org,Central,2026-03-01,True
43,Crystal Johnson,raymondramirez@example.org,North,2026-02-28,True
169,Jeremy Mitchell,pyoung@example.com,West,2026-02-27,True
309,Lisa Glenn,washingtonjames@example.com,North,2026-02-26,True
162,Andrea Davis,umitchell@example.net,West,2026-02-26,True
527,Kristin Aguilar,sylvia43@example.net,Unknown,2026-02-25,True
911,Kelly Christensen,martinezsharon@example.org,East,2026-02-25,True
275,Benjamin Frost,whitemelissa@example.org,South,2026-02-24,True
823,Melissa Mccormick,johnnycruz@example.net,North,2026-02-22,True
476,Samantha Zavala MD,sean99@example.org,North,2026-02-22,True
535,Thomas Lowe,waustin@example.net,Central,2026-02-22,True
159,Nancy Williams,marcalvarez@example.org,South,2026-02-22,True
266,Caroline Cortez,,East,2026-02-21,False
700,Destiny Brown,dcook@example.com,Central,2026-02-20,True
137,Jason Davis,qedwards@example.com,East,2026-02-19,True
65,Alec Ryan,jeffrey10@example.org,Central,2026-02-16,True
191,Jessica Martinez,kimberlydiaz@example.com,East,2026-02-16,True
395,Kellie Duncan,davidtodd@example.org,West,2026-02-15,True
429,Whitney Cooper,mhoward@example.org,Central,2026-02-15,True
754,Carla Turner,sullivanvictor@example.org,North,2026-02-14,True
98,Emily Smith,hdavis@example.com,West,2026-02-14,True
984,Jessica Cruz,hollydavis@example.net,Central,2026-02-13,True
59,Gary Owens,clarkrobert@example.net,South,2026-02-13,True
582,Amy Jensen,navarromary@example.org,West,2026-02-12,True
94,Brian Martin,ssteele@example.net,East,2026-02-12,True
610,Mario Young,lisa46@example.org,Central,2026-02-12,True
877,Mary Anderson,ericvasquez@example.com,South,2026-02-11,True
279,Alyssa Nelson,whenry@example.net,West,2026-02-09,True
139,Anthony Frye,elizabeth65@example.net,Central,2026-02-09,True
550,Jennifer White,martinezjimmy@example.com,West,2026-02-09,True
711,Nathan Sullivan,lindsaycontreras@example.com,South,2026-02-09,True
742,Patricia Taylor,john17@example.net,East,2026-02-08,True
819,Erin Silva,vshaffer@example.org,Central,2026-02-05,True
995,Jason Rodriguez,marcus39@example.org,North,2026-02-04,True
921,John Calderon,denise20@example.org,Central,2026-02-04,True
208,Anthony Dougherty,kwright@example.com,West,2026-02-04,True
616,Sheryl Gutierrez,vturner@example.net,West,2026-02-04,True
544,Ryan Davis,jordan58@example.net,West,2026-02-03,True
747,Dan Crane,,Central,2026-02-03,False
636,Michael Carr,tammycurry@example.com,East,2026-02-02,True
571,Jacqueline Davis,vincentparks@example.com,East,2026-02-02,True
16,James Martin,georgetracy@example.org,South,2026-02-01,True
824,Robert Martinez,miaprice@example.com,South,2026-01-31,True
602,Peter Farrell,singhjohn@example.net,West,2026-01-30,True
587,Samantha Morris,annalewis@example.net,West,2026-01-30,True
355,Keith Graham,joelgreen@example.com,Central,2026-01-29,True
788,Angela Thomas,gneal@example.net,South,2026-01-29,True
293,James Cole,iaguilar@example.net,East,2026-01-28,True
974,Michael Powell,mark09@example.org,South,2026-01-27,True
724,Robert Jennings,kjimenez@example.net,Central,2026-01-27,True
257,Kristin Anderson,jonathanrivera@example.org,West,2026-01-27,True
962,Karen Sosa,zadams@example.net,North,2026-01-26,True
46,Andrew Graham,michaeljones@example.net,Central,2026-01-26,True
151,Donna Sullivan,,East,2026-01-25,False
935,Julie Ward,stephensonjeffrey@example.com,North,2026-01-24,True
317,Donna Adams,taylorkaren@example.com,Central,2026-01-24,True
374,Andrew Brown,andrewwoods@example.com,Central,2026-01-23,True
375,Carlos Love,staff@bring,South,2026-01-23,False
347,Amanda Pratt,pwalker@example.com,Central,2026-01-22,True
825,Elizabeth Mayer,kennethvillarreal@example.org,West,2026-01-22,True
294,Jennifer Johnson,jacqueline89@example.net,West,2026-01-21,True
117,Richard Walter,alyssa42@example.com,West,2026-01-21,True
977,Cassandra Serrano,mjohnson@example.org,South,2026-01-19,True
629,Monica Hester,nicholasjames@example.org,East,2026-01-19,True
1000,Philip Watts,bjones@example.net,North,2026-01-19,True
882,Samantha Williams,,North,2026-01-18,False
104,Andrew Shaw MD,sawyerscott@example.net,East,2026-01-18,True
514,Todd Olson,third@same,West,2026-01-16,False
731,Greg Tanner,,South,2026-01-14,False
859,Jeffrey Solomon,ievans@example.net,Central,2026-01-13,True
781,Robert Hines,jenniferbrandt@example.org,East,2026-01-12,True
45,Mrs. Linda Reed,samuel81@example.com,West,2026-01-10,True
353,Mrs. Tonya Kaufman,jenniferdavis@example.org,Central,2026-01-08,True
1,Allison Hill,,North,2026-01-05,False
733,Diana Blair,perhaps@young,North,2026-01-04,False
90,Melissa Bender,mkim@example.org,North,2026-01-03,True
719,John Smith,saramann@example.net,North,2026-01-01,True
106,Marie Christian,ofinley@example.net,East,2026-01-01,True
997,Daniel Robinson,debra50@example.org,Central,2025-12-31,True
708,Elizabeth Price,mccoymichael@example.org,North,2025-12-31,True
124,Michael Paul,umatthews@example.org,East,2025-12-31,True
13,James Ferrell,tasha01@example.net,North,2025-12-30,True
796,Jessica Johnson,angeladalton@example.com,North,2025-12-30,True
632,Alexandria Jimenez,astephens@example.net,South,2025-12-29,True
383,Amber Kim,acosta@example.com,West,2025-12-28,True
809,James Weber,jpowers@example.org,West,2025-12-27,True
821,Travis Stewart,pwells@example.com,West,2025-12-26,True
515,Jessica Scott,,North,2025-12-24,False
14,Patricia Peterson,ryan70@example.net,South,2025-12-24,True
889,Mary May,levinetina@example.net,North,2025-12-24,True
737,Joe Hudson,braysteven@example.org,Central,2025-12-23,True
220,Jason Gutierrez,roberthampton@example.com,West,2025-12-22,True
171,Christopher Gonzalez,moniquewilliams@example.com,South,2025-12-22,True
438,David Hall,joseph01@example.org,South,2025-12-22,True
81,Denise Mccann,heidi27@example.org,South,2025-12-21,True
691,Kim James,jwells@example.net,North,2025-12-20,True
246,Veronica Brewer,ybrooks@example.com,South,2025-12-19,True
593,Richard Weeks,michael66@example.org,North,2025-12-19,True
421,Sean Silva,kennedyjames@example.org,South,2025-12-18,True
466,Elizabeth Molina,howardshaun@example.net,South,2025-12-18,True
661,Michael Mckinney,oruiz@example.org,Central,2025-12-13,True
331,Nathan Fuller,samanthajensen@example.com,North,2025-12-12,True
84,Rachel Perez,chayes@example.com,North,2025-12-12,True
948,Kelly Sandoval,brianhunter@example.net,East,2025-12-11,True
576,Jordan Parsons,bgross@example.net,North,2025-12-10,True
786,William Wallace,broberts@example.org,South,2025-12-10,True
6,Laura Bush,stanleykendra@example.org,North,2025-12-09,True
409,Ryan Green,mitchellpaul@example.org,East,2025-12-08,True
241,Amy Kelley,ashleyhernandez@example.com,East,2025-12-08,True
706,Mr. Timothy Howard,richard15@example.net,North,2025-12-07,True
606,Amy Pena,jonesdonna@example.net,South,2025-12-06,True
420,Patrick Parker,nathan94@example.com,Central,2025-12-06,True
412,David Trujillo,jennifer46@example.com,South,2025-12-06,True
441,Catherine Morales,ynelson@example.net,West,2025-12-05,True
321,Raymond Oconnor,sreid@example.com,Central,2025-12-05,True
483,Kimberly May,avilabrenda@example.net,West,2025-12-04,True
190,Angela Walsh,william20@example.org,Central,2025-12-04,True
447,Kristin Huerta,smithsarah@example.net,Central,2025-12-04,True
678,Janice Perez,kjacobs@example.com,East,2025-12-03,True
805,Gina Mendez,tara37@example.net,West,2025-12-03,True
653,Andrew Hughes,smithsarah@example.net,Central,2025-12-03,True
201,Elizabeth Martin,michaeleverett@example.com,East,2025-12-02,True
637,Edwin Richardson,wwilkins@example.com,West,2025-11-30,True
174,James Hughes,brooksanthony@example.org,North,2025-11-27,True
465,Michael Gonzalez,tonyavega@example.org,West,2025-11-27,True
751,Tyler Montgomery,jennifermitchell@example.org,West,2025-11-27,True
56,Jill Moore,wcole@example.org,South,2025-11-27,True
553,Ellen Wright,scott22@example.net,East,2025-11-26,True
789,Amy Hester,james61@example.org,South,2025-11-26,True
748,Jason Rojas,carterbryan@example.org,East,2025-11-24,True
762,Robert Waller,achandler@example.org,South,2025-11-24,True
906,Andrew Olson,,South,2025-11-23,False
938,Taylor Pittman,danielallen@example.com,Central,2025-11-22,True
644,Erica Smith,matthew99@example.org,South,2025-11-22,True
200,Kristen Matthews,ryanbartlett@example.org,West,2025-11-21,True
625,Christopher Phillips,vaughnrebecca@example.com,North,2025-11-20,True
843,Seth Davenport,sara44@example.net,North,2025-11-20,True
878,David Hawkins DVM,nicole52@example.org,East,2025-11-19,True
234,Edward Craig,gregorychase@example.com,South,2025-11-18,True
890,Jennifer Blackwell,jennifer55@example.org,North,2025-11-18,True
927,Angela Johnson,wchambers@example.com,East,2025-11-18,True
239,Jennifer Dunn,ztodd@example.net,West,2025-11-17,True
95,Krista Gibson,ability@really,Central,2025-11-17,False
521,Melinda Williams,aoconnell@example.org,Central,2025-11-15,True
826,Sherry Wang,rmccormick@example.org,South,2025-11-15,True
312,Patricia Simpson,armstrongjoseph@example.net,South,2025-11-15,True
198,Ana Sanders,xfox@example.com,West,2025-11-15,True
581,Sandra Mcdonald,wardjulia@example.com,North,2025-11-14,True
989,Kari Jones,jenniferkim@example.com,Central,2025-11-13,True
354,Mercedes Watson,carpenterwilliam@example.net,West,2025-11-13,True
774,Daniel Lopez,butlersabrina@example.org,South,2025-11-12,True
224,Rebecca Hill,berryamy@example.com,West,2025-11-12,True
575,Nicholas Hill,caseymoore@example.com,West,2025-11-12,True
705,Karen Powell,fernandezaaron@example.net,Central,2025-11-11,True
659,James Bush,tjensen@example.com,Central,2025-11-11,True
866,Megan Ballard,martinezalexander@example.org,East,2025-11-10,True
216,Sarah Wheeler,terickson@example.com,West,2025-11-10,True
269,Juan Smith,amanda40@example.net,West,2025-11-08,True
249,Samantha Wright,eric31@example.org,South,2025-11-05,True
242,Michael Love,gdavis@example.com,West,2025-11-05,True
369,Alexander Harper,huangkimberly@example.org,Unknown,2025-11-05,True
669,Amy Robinson,paigeberger@example.net,East,2025-11-05,True
794,Christina Bates,iwagner@example.com,South,2025-11-05,True
592,Rebecca Thompson,larsonkevin@example.net,East,2025-11-04,True
343,Carol Martinez,jessica10@example.com,Central,2025-11-03,True
415,Frederick Hill,jacob83@example.org,West,2025-11-02,True
806,Sara Herrera,joseph49@example.com,South,2025-11-02,True
807,Tina Robbins,vargasjoshua@example.net,West,2025-10-30,True
520,Richard Avery,lewisrichard@example.com,West,2025-10-30,True
541,Michelle Brock,mchase@example.org,Central,2025-10-29,True
613,Erin Daniels,denisecarpenter@example.net,West,2025-10-29,True
185,Cheryl Kelly,glennmartin@example.org,North,2025-10-29,True
97,Tanya Kim,omartinez@example.net,North,2025-10-29,True
558,Adam Weeks,xevans@example.com,West,2025-10-28,True
213,Diana Hays,andersoncolin@example.com,East,2025-10-26,True
135,Jane Harper,shawn96@example.org,North,2025-10-24,True
960,Robert Salas,fclark@example.com,East,2025-10-23,True
332,Brian Goodwin,bbell@example.com,East,2025-10-23,True
183,Chad Baldwin,mjohnson@example.org,North,2025-10-23,True
971,Jose Hartman,dsharp@example.com,North,2025-10-23,True
161,Kelly Bishop MD,paul59@example.org,North,2025-10-21,True
605,Kevin Alvarado,scottbrian@example.org,Central,2025-10-21,True
572,Lori Brown DDS,martinezjesse@example.net,South,2025-10-21,True
926,Megan Gutierrez,ifarmer@example.org,Central,2025-10-20,True
382,Gabriela Smith,johnjones@example.com,Central,2025-10-20,True
942,Elizabeth James,williamsonrobert@example.net,East,2025-10-20,True
87,Dwayne Campbell,ojones@example.com,North,2025-10-20,True
399,Chase Knight,buckleyanna@example.org,South,2025-10-19,True
564,Adam Davis,snydermatthew@example.com,West,2025-10-19,True
650,David Hayes DVM,,East,2025-10-18,False
342,Chad Smith,hbenton@example.net,East,2025-10-17,True
518,Krystal Carr,afischer@example.net,South,2025-10-17,True
69,Lori Garcia,melissa91@example.net,North,2025-10-17,True
285,Derrick Thomas,ryanfisher@example.com,East,2025-10-17,True
881,Tracy Lloyd,villegaskimberly@example.net,North,2025-10-16,True
398,Shannon Stone,buchanancindy@example.net,North,2025-10-16,True
311,Rebecca Walker,hillamanda@example.org,Central,2025-10-15,True
525,Megan Ward,cantrellchristopher@example.com,West,2025-10-14,True
718,Timothy Williams,moodycrystal@example.com,East,2025-10-13,True
537,Robert Mendoza,shawphillip@example.net,West,2025-10-12,True
496,Christy Johnson,amy87@example.net,West,2025-10-11,True
479,Tiffany Jackson,simsjason@example.net,Central,2025-10-10,True
624,Nicholas Grant,leescott@example.com,West,2025-10-10,True
655,Margaret Clark,jameshill@example.com,West,2025-10-09,True
589,Wendy Turner,tracey35@example.org,Central,2025-10-08,True
245,Steven Andersen,ajohnson@example.org,South,2025-10-07,True
793,Michael Hernandez,wolfdonna@example.net,East,2025-10-06,True
290,Richard Diaz,brittanygardner@example.net,South,2025-10-06,True
848,Jordan Nelson,brandybonilla@example.net,Central,2025-10-05,True
577,Cynthia Le,class@position,Central,2025-10-04,False
83,Kenneth Parks Jr.,christopher31@example.net,North,2025-10-03,True
775,Karen Collins,guess@consider,East,2025-10-03,False
716,William Johnston,marcoconnell@example.org,Central,2025-10-03,True
918,David Mercado,angela91@example.org,West,2025-10-02,True
459,Lisa Morris,mbarnes@example.net,North,2025-10-02,True
339,Jorge Harris,amandamyers@example.net,East,2025-10-02,True
784,Brian Rollins,owensapril@example.com,North,2025-10-02,True
262,Ian Andrade,ugarcia@example.com,West,2025-10-01,True
499,Mary Faulkner,ccrosby@example.org,Unknown,2025-10-01,True
318,Sharon Martinez DVM,,West,2025-10-01,False
404,Matthew Lopez,robinrussell@example.com,East,2025-09-30,True
107,Joshua Williamson II,wendy16@example.org,South,2025-09-30,True
910,Ellen Brewer,leechristine@example.net,North,2025-09-28,True
969,Alexa Evans,krista66@example.net,Central,2025-09-28,True
251,Michele Williams,moralesjimmy@example.org,East,2025-09-26,True
118,Tracy Phillips,linda71@example.org,West,2025-09-26,True
60,Spencer Johnston,wsmith@example.com,East,2025-09-25,True
735,Karen Yates,chavezjohn@example.net,West,2025-09-25,True
688,Amanda Riggs,,Central,2025-09-25,False
970,Matthew Hays,michelleperez@example.net,South,2025-09-22,True
238,Elizabeth Mendez,susanmendoza@example.com,West,2025-09-21,True
360,Debbie Ewing,cranemelissa@example.net,South,2025-09-21,True
690,Robert Williams,tross@example.com,West,2025-09-20,True
152,Ryan Sanchez,zwarren@example.com,West,2025-09-20,True
902,Beverly Bush,bensonstanley@example.org,Central,2025-09-20,True
725,Jackson Clark,matthew70@example.org,Central,2025-09-16,True
968,Gary Turner,james92@example.net,North,2025-09-15,True
765,Donna Henry,mary47@example.net,Central,2025-09-15,True
982,Gary Carroll,kstevens@example.org,East,2025-09-13,True
313,Rodney Williams,bpayne@example.org,West,2025-09-13,True
870,Ronald Myers,alan66@example.com,South,2025-09-13,True
591,Kevin Hall,christopher69@example.org,Unknown,2025-09-11,True
615,Brooke Jones,whitemary@example.org,Central,2025-09-06,True
211,Martha Ruiz,booneryan@example.com,West,2025-09-06,True
923,Joseph Jones,fosterdavid@example.org,South,2025-09-05,True
871,Kristen Roberts,gross@example.net,North,2025-09-04,True
522,Kyle Davis,jeffrey19@example.org,Central,2025-09-04,True
277,Megan Fernandez,month@skill,South,2025-09-04,False
437,Sara Caldwell,stacychan@example.org,West,2025-09-03,True
243,Jose Bryant,hansenemily@example.com,North,2025-09-03,True
387,Brooke Garcia,show@now,Central,2025-09-02,False
726,Casey Floyd,erobertson@example.org,West,2025-09-02,True
75,Meredith Hill,blackjames@example.org,East,2025-09-01,True
954,Amanda Johnson,justinrobinson@example.com,North,2025-08-31,True
834,David Davis,george91@example.org,North,2025-08-31,True
887,Jimmy Phelps,sherry72@example.org,Central,2025-08-30,True
188,Edward Garcia,donna47@example.net,Central,2025-08-30,True
280,Michael Guerrero,bartonkenneth@example.org,West,2025-08-27,True
875,Gina Guzman,sanderson@example.net,Central,2025-08-26,True
133,Amy Mendoza,gsimmons@example.com,West,2025-08-26,True
961,Carol Hughes,victor72@example.com,South,2025-08-26,True
463,Erica Wilson,anna99@example.net,North,2025-08-25,True
744,Arthur Reed,hmason@example.com,East,2025-08-24,True
160,Robert Monroe,wagnergerald@example.org,East,2025-08-23,True
704,James Hernandez,rebecca90@example.net,Central,2025-08-23,True
679,Jonathan Jenkins,arthur09@example.com,East,2025-08-21,True
741,James Marshall,diazgregory@example.net,West,2025-08-21,True
672,Kayla Abbott,bryan80@example.org,West,2025-08-20,True
372,Sarah Thompson,,North,2025-08-20,False
326,Jacob Mckee,brettgarrett@example.net,South,2025-08-17,True
604,Christina Mills,ana92@example.net,West,2025-08-16,True
163,Brittany Miller,including@carry,West,2025-08-16,False
524,Dakota Sandoval,james98@example.net,Central,2025-08-16,True
47,Mary Martinez,william65@example.com,West,2025-08-15,True
513,Todd Gregory,xboyd@example.org,Central,2025-08-15,True
260,Christy Lee,burgesskaren@example.org,West,2025-08-14,True
638,John Martinez,mark68@example.org,Central,2025-08-14,True
186,James Gonzales,lmorgan@example.com,West,2025-08-11,True
865,Jared Sandoval,nturner@example.com,East,2025-08-10,True
540,Mr. Michael Watson PhD,shannon92@example.net,West,2025-08-07,True
480,Jessica Garcia,elucas@example.net,South,2025-08-07,True
743,Tina Clark,lukehurst@example.net,Central,2025-08-03,True
295,David Ortega,deborahwilliams@example.net,Central,2025-08-01,True
715,Lisa Brown,ronaldcain@example.net,East,2025-08-01,True
941,Thomas Ramos,cheryl61@example.org,East,2025-08-01,True
426,Monica Dodson,,Central,2025-07-31,False
168,Christopher Guerra,jenniferwilliams@example.com,Central,2025-07-31,True
797,Jeffrey Edwards,hfreeman@example.net,North,2025-07-30,True
489,Sarah York,enough@billion,East,2025-07-28,False
436,Joshua Lozano,arivera@example.org,West,2025-07-27,True
451,Joshua Petersen,pamela83@example.net,East,2025-07-27,True
736,Jennifer Robinson,kenneth10@example.com,East,2025-07-26,True
381,Cynthia Haas,daisymccarty@example.net,Central,2025-07-26,True
164,Teresa Collins,vschneider@example.org,West,2025-07-26,True
666,Jessica Baird,amy32@example.net,West,2025-07-26,True
39,Andrew Diaz,nolanjason@example.org,South,2025-07-24,True
790,Diana Reeves,katelyn65@example.com,West,2025-07-24,True
110,Thomas Thomas,dlittle@example.com,Central,2025-07-24,True
766,Rick Moore,stephanie71@example.net,East,2025-07-23,True
822,Heidi Baldwin,andrew90@example.net,Central,2025-07-21,True
924,Dr. Christine Wagner PhD,,West,2025-07-21,False
698,Kylie Coffey,dominguezjon@example.com,Unknown,2025-07-19,True
802,Sheila Wilson,andrewnguyen@example.com,North,2025-07-17,True
143,Michael Parker,michael22@example.net,West,2025-07-17,True
864,Mrs. Megan Hamilton,smithdarryl@example.org,North,2025-07-16,True
225,Regina Roberts,stephanie15@example.com,East,2025-07-16,True
851,Karen Fuller,brooke05@example.org,East,2025-07-16,True
614,Ellen Thornton,russellstout@example.org,South,2025-07-16,True
580,Leslie Williams,catherinejones@example.org,South,2025-07-16,True
697,Tiffany Little,millercassandra@example.com,South,2025-07-16,True
696,Douglas Lee,harveybrian@example.net,West,2025-07-16,True
552,James Hubbard,garciachristine@example.org,West,2025-07-15,True
325,Bonnie Santos,nancymcdowell@example.org,South,2025-07-15,True
693,Jessica Hull,matthew41@example.com,East,2025-07-15,True
996,Jeffrey Hall,kellyglenn@example.com,South,2025-07-15,True
236,Jeremy Adams,kevin90@example.com,East,2025-07-14,True
92,Phillip Underwood,,South,2025-07-13,False
330,Shelly May,caseyelliott@example.net,East,2025-07-12,True
19,Daniel Ryan,jenniferross@example.net,East,2025-07-12,True
627,Michelle Harris,udavis@example.net,West,2025-07-11,True
261,Jennifer Allen,,South,2025-07-11,False
854,Jennifer Smith,frankchan@example.com,East,2025-07-10,True
832,James Davenport,andrewjohnson@example.net,East,2025-07-10,True
883,Edgar Alexander,goconnor@example.org,South,2025-07-10,True
814,Alexis Robles,steven86@example.com,Central,2025-07-09,True
645,Roy Nielsen,zhendricks@example.org,East,2025-07-08,True
815,Christopher Taylor,kristine48@example.org,South,2025-07-07,True
828,Jason Daniel,shawn00@example.net,Unknown,2025-07-06,True
523,Jennifer Douglas,jennifer90@example.org,North,2025-07-05,True
692,Timothy Cole,suzanne01@example.net,East,2025-07-02,True
900,Joseph Chapman,lwiggins@example.com,Unknown,2025-07-02,True
407,Thomas Bush,micheal78@example.com,West,2025-07-01,True
812,Joel Allen,megan65@example.org,East,2025-06-30,True
319,Katherine Ray,courtney67@example.org,Central,2025-06-30,True
713,Terry Montgomery,jacquelineanderson@example.org,East,2025-06-29,True
50,Michael Dixon,donnacampbell@example.net,North,2025-06-29,True
547,Mark Thomas,daniellemcfarland@example.com,North,2025-06-28,True
909,Stacy Fitzgerald,clinejasmine@example.net,West,2025-06-27,True
506,Roy Johnson,andersonbrittany@example.org,South,2025-06-27,True
337,Dennis Williams,fryraymond@example.com,North,2025-06-26,True
721,Christopher Holt,jennifersalazar@example.org,South,2025-06-25,True
895,Raymond Barber,dennismckenzie@example.com,North,2025-06-25,True
323,Kylie Washington,patricia00@example.org,North,2025-06-24,True
939,Kelly Young,parsonschristine@example.org,Central,2025-06-24,True
673,Heather Callahan,youngjacqueline@example.com,East,2025-06-24,True
951,Susan Crawford,fowlerheather@example.com,Central,2025-06-23,True
891,Lisa Thomas,ngriffin@example.net,Central,2025-06-23,True
509,Carolyn Greer,laurahoover@example.org,South,2025-06-22,True
562,Chad Rodriguez,rwilliamson@example.net,North,2025-06-22,True
109,Charles Schmidt,georgemiller@example.com,South,2025-06-20,True
722,Hannah Smith,jamesdowns@example.org,West,2025-06-19,True
5,Monica Herrera,smiller@example.net,Central,2025-06-19,True
490,Kevin Lynn,david31@example.com,North,2025-06-19,True
837,Chelsey White,whatever@energy,East,2025-06-18,False
226,Cindy Clayton,sarah42@example.org,East,2025-06-17,True
315,Patricia Young PhD,michelle96@example.org,North,2025-06-17,True
657,Denise Harding,audrey21@example.com,North,2025-06-15,True
443,Karen Carroll,ywhite@example.com,Central,2025-06-13,True
73,Timothy Ramirez,dsanchez@example.net,East,2025-06-13,True
176,Susan Smith,marydunn@example.net,North,2025-06-12,True
114,Natasha Williams,swall@example.org,West,2025-06-10,True
648,Ryan Morgan,ksims@example.net,West,2025-06-09,True
981,Melinda Hill,rittersean@example.com,Central,2025-06-09,True
4,Daniel Gallagher,daviscolin@example.com,South,2025-06-08,True
855,Brittany Evans,tfitzgerald@example.net,North,2025-06-08,True
258,Anna Hardy,brettbennett@example.net,South,2025-06-07,True
460,Victor Waller,iballard@example.com,Central,2025-06-07,True
231,Jon Zuniga,nancy04@example.net,South,2025-06-07,True
504,Christopher Jones,jason22@example.com,South,2025-06-07,True
411,Tracy Fleming,pbuck@example.org,South,2025-06-06,True
785,Kristin Williams,tristan64@example.com,West,2025-06-05,True
836,Rachael Roberts,than@fear,East,2025-06-05,False
452,Heidi Brown,,Central,2025-06-05,False
992,Cindy Horton,myerskyle@example.org,East,2025-06-04,True
588,Tyrone West,csmith@example.com,West,2025-06-02,True
944,Rachel Gibson,briana11@example.org,East,2025-06-02,True
894,Kelly Sherman,andrewzamora@example.net,North,2025-05-31,True
350,Aimee Gonzalez,jodi37@example.com,East,2025-05-30,True
732,Kristen Hall,fvincent@example.org,South,2025-05-30,True
427,Danielle Steele,,North,2025-05-28,False
456,Cheryl Morgan,owilliams@example.net,East,2025-05-28,True
297,Kristin Watts,seanmyers@example.net,Central,2025-05-28,True
91,Lindsey Johnson,suzannehuff@example.net,West,2025-05-27,True
980,Seth Collins,,South,2025-05-27,False
549,Matthew Nelson,xnorman@example.net,West,2025-05-27,True
916,Steven Scott,williamsjohn@example.net,East,2025-05-26,True
128,Gavin Zhang,tax@true,Central,2025-05-26,False
953,Heidi Jones MD,thomasscott@example.net,South,2025-05-26,True
134,Steven Morris,cameronhill@example.net,Central,2025-05-25,True
671,Elizabeth Bauer,samantha65@example.org,East,2025-05-23,True
772,Samantha Cohen,joseph51@example.net,North,2025-05-22,True
158,Ronald Jones,,East,2025-05-22,False
538,Bryan Holmes,hannah03@example.com,South,2025-05-22,True
44,Martin Ross,sheila14@example.org,North,2025-05-22,True
495,Angela Jones,atkinsoncrystal@example.net,South,2025-05-21,True
252,Brenda Holder,lisadennis@example.com,East,2025-05-20,True
584,Cassidy Curry,xreese@example.net,East,2025-05-19,True
872,Susan Dillon,jenniferrice@example.com,Central,2025-05-19,True
829,Rachel Taylor,tgonzalez@example.com,Central,2025-05-18,True
307,Eric White,williambarnes@example.org,West,2025-05-18,True
141,John Boone,surface@laugh,South,2025-05-17,False
684,Thomas Curry,bryan79@example.org,North,2025-05-16,True
897,Dr. Virginia Cunningham,,Central,2025-05-16,False
264,Lauren Cortez,elijah53@example.com,Central,2025-05-14,True
48,Cheryl Ortega,lbyrd@example.net,West,2025-05-14,True
271,Robin Adams,zmiller@example.com,North,2025-05-11,True
113,Laura Haney,andrew64@example.org,West,2025-05-11,True
276,Nicole Marquez,our@they,Unknown,2025-05-10,False
256,Kara Atkinson,meredith27@example.org,West,2025-05-09,True
598,Pamela Castillo,tonypearson@example.org,South,2025-05-08,True
879,Amanda Brown,owilson@example.org,South,2025-05-08,True
846,John Wilson,wwilliams@example.net,South,2025-05-07,True
608,Ethan Delacruz,lopezvincent@example.com,Central,2025-05-07,True
301,Brian Marsh,zacharyarnold@example.com,East,2025-05-07,True
282,Jill Juarez,andersonjacob@example.com,West,2025-05-05,True
222,Joseph Payne,chelsea33@example.com,Central,2025-05-05,True
674,Jennifer Graham,elainewells@example.org,West,2025-05-04,True
844,Kelly Graham,leslievang@example.org,Central,2025-05-04,True
397,Brittany Larson,renee11@example.com,Central,2025-05-04,True
717,Gabriela Martinez,katherinejackson@example.com,North,2025-05-02,True
408,Andre Watson,ethompson@example.net,South,2025-05-01,True
38,Benjamin Ware,amydavenport@example.net,Central,2025-05-01,True
526,James Willis,,North,2025-04-29,False
554,Matthew Dalton,,South,2025-04-28,False
551,Angela Jackson,davissharon@example.com,East,2025-04-28,True
905,Amber Shannon,jason70@example.org,Central,2025-04-28,True
385,Trevor Jones,pamelamartin@example.org,East,2025-04-27,True
565,Mr. Michael Johnson Jr.,brianrowe@example.org,Unknown,2025-04-25,True
771,Angela Lee,kathygeorge@example.org,South,2025-04-25,True
248,William Davenport,goodsteven@example.net,South,2025-04-25,True
373,Keith Thomas,marycochran@example.com,Central,2025-04-24,True
28,Kristi Higgins MD,jeff09@example.net,Central,2025-04-24,True
739,Faith Johnson,smullins@example.net,West,2025-04-24,True
244,Robert Reese,williamsmelvin@example.org,East,2025-04-23,True
908,Ann Weber,zhughes@example.com,North,2025-04-23,True
808,Daniel Flynn,william46@example.net,East,2025-04-22,True
129,Raymond Kramer,success@contain,Central,2025-04-22,False
512,Linda Rich,davisdonna@example.net,West,2025-04-22,True
474,Kelly Krueger,hartmanerik@example.net,West,2025-04-20,True
357,Ashley Garcia,aowens@example.org,South,2025-04-19,True
62,Michael Powell,marycalhoun@example.net,South,2025-04-18,True
417,James Johnson,matthewreeves@example.net,North,2025-04-18,True
542,Kara Smith,oporter@example.net,East,2025-04-18,True
54,David Charles,danderson@example.net,North,2025-04-16,True
475,Daniel Lewis,,East,2025-04-15,False
192,Christian Cole,nathan19@example.org,West,2025-04-15,True
221,Amy Taylor,former@consumer,South,2025-04-12,False
622,Lisa Holloway,phillip99@example.net,Central,2025-04-11,True
218,Valerie Lane,jennifersilva@example.org,South,2025-04-11,True
858,John Walker,sarahrose@example.net,East,2025-04-11,True
179,Lucas Allen,qlopez@example.org,Central,2025-04-10,True
132,Jonathan Dougherty,low@question,East,2025-04-09,False
433,Christine Jennings,turnerdorothy@example.net,South,2025-04-08,True
445,Matthew Smith,tiffanysantiago@example.com,South,2025-04-07,True
623,Rachel Meyer,cbryant@example.org,Central,2025-04-07,True
640,Emily Fox,sara99@example.com,East,2025-04-07,True
333,Matthew Wright,kimberly04@example.org,Central,2025-04-06,True
53,Abigail Potter,osbornejeffery@example.net,Unknown,2025-04-06,True
560,Maria Clayton,josehenderson@example.org,Central,2025-04-05,True
531,Mark Gamble,laurengutierrez@example.com,Central,2025-04-05,True
410,Cindy Walker,ericaadams@example.com,East,2025-04-03,True
359,Lindsey Lewis,eddie35@example.com,West,2025-04-03,True
946,Charlene Taylor,brownlarry@example.com,West,2025-04-03,True
131,Cameron Fisher,reesethomas@example.com,Central,2025-04-03,True
966,Mr. Alexander Alexander III,howardchristopher@example.net,South,2025-04-02,True
15,Jonathan White,harrellkenneth@example.net,North,2025-03-30,True
140,Thomas Williams,caroline51@example.net,North,2025-03-29,True
780,Ryan Mcmahon,michael89@example.org,East,2025-03-28,True
212,Holly Morales,michaelroberts@example.com,Central,2025-03-27,True
585,Michele Simmons,jacksonhenry@example.com,East,2025-03-27,True
462,Melissa Morse,tinasantos@example.org,West,2025-03-27,True
202,Mark Pierce,concern@person,Central,2025-03-26,False
170,Stephanie Lee,smurray@example.com,Central,2025-03-26,True
528,Jared Smith,richardrodriguez@example.org,South,2025-03-26,True
804,Kenneth Stokes,vazquezjamie@example.com,Central,2025-03-26,True
503,Kelli Gomez,tommy79@example.org,East,2025-03-25,True
344,Austin Joseph,crawfordwilliam@example.org,South,2025-03-24,True
210,Kathy Levy,brandywilliams@example.com,East,2025-03-20,True
334,Nicole Phillips,bowerslaura@example.org,North,2025-03-20,True
841,Jacob Donaldson,carpenterjorge@example.net,Central,2025-03-19,True
579,Brian Lee,,East,2025-03-17,False
820,Brian Lewis,scott49@example.org,West,2025-03-17,True
424,Anthony Hayes,kathleenjackson@example.org,South,2025-03-16,True
712,Kimberly Figueroa,sandyjohnson@example.org,South,2025-03-16,True
791,Victoria Dixon,katrinarodriguez@example.com,South,2025-03-16,True
268,Alexa Wagner,bruce97@example.net,East,2025-03-15,True
493,Brandy Quinn,wford@example.com,South,2025-03-14,True
917,Paul Cruz Jr.,floresangela@example.org,South,2025-03-12,True
945,Richard Lee,danascott@example.com,South,2025-03-10,True
756,Wendy Estrada,hmorgan@example.net,South,2025-03-09,True
328,Alexandra Dominguez,mcneilrobert@example.org,Central,2025-03-08,True
182,Nicole Anderson,amy27@example.net,North,2025-03-08,True
228,Michael Taylor,,Central,2025-03-08,False
925,Daniel Haley,,East,2025-03-07,False
949,Craig Gonzalez,kristenpeterson@example.net,Central,2025-03-06,True
274,Stephanie Ellison,jasonparrish@example.net,South,2025-03-06,True
570,Donald Wilson,albertwilliams@example.net,East,2025-03-06,True
272,Courtney Sutton DVM,davisnicholas@example.net,Central,2025-03-06,True
768,Patrick Perkins,rule@television,East,2025-03-06,False
400,Sheryl Humphrey,,West,2025-03-04,False
22,Michael Lewis,jenniferkhan@example.net,Central,2025-03-04,True
86,David Arnold,aaronhayes@example.net,South,2025-03-02,True
845,Mallory Gonzales,,Central,2025-03-02,False
500,Dennis Young,aprilmoody@example.com,East,2025-03-02,True
232,Frances Gibson,ismall@example.net,North,2025-03-01,True
682,Rebecca Edwards,bergeramanda@example.org,South,2025-03-01,True
660,Megan Ferguson,fbradley@example.net,South,2025-03-01,True
175,Raven Taylor,samantha72@example.net,South,2025-03-01,True
23,Rhonda Lee,hopkinsmichael@example.com,West,2025-02-28,True
680,John Vaughn,jessicafox@example.com,South,2025-02-26,True
66,Alex Hernandez,thomaswilson@example.org,East,2025-02-26,True
769,Jose Johnston,francisco02@example.com,East,2025-02-24,True
664,Robert Robles,angela14@example.net,North,2025-02-23,True
850,Mrs. Jacqueline Hickman,hooderic@example.org,West,2025-02-23,True
730,Cameron Schwartz,ramirezdaniel@example.com,South,2025-02-22,True
10,Thomas Bradley,jason76@example.net,West,2025-02-22,True
177,Ricardo Young,williamsrobert@example.net,North,2025-02-21,True
749,Gabriella Lane,todd88@example.com,West,2025-02-21,True
898,James Mclaughlin,choice@seek,North,2025-02-19,False
144,Patrick Bonilla,reesejason@example.com,Central,2025-02-18,True
896,Anthony Curtis,westashley@example.org,North,2025-02-18,True
830,David Reeves,melaniejennings@example.com,South,2025-02-17,True
920,Jacqueline Galloway,amandahenderson@example.net,South,2025-02-17,True
157,Eric Hill,bellcharles@example.com,South,2025-02-17,True
986,Barbara Wood,gordonkimberly@example.com,East,2025-02-16,True
795,Alicia Gallagher,hbeard@example.com,East,2025-02-16,True
720,Robert Barton,jamiebowman@example.net,North,2025-02-16,True
207,Haley Ross PhD,floressteven@example.com,Unknown,2025-02-15,True
172,Ashley Singleton,mitchellkathryn@example.com,South,2025-02-15,True
155,Angela Bean,kmarshall@example.net,West,2025-02-15,True
449,Mason Powell,christianwallace@example.net,Central,2025-02-14,True
899,Jason Davis,ebeasley@example.org,West,2025-02-13,True
101,Debra Smith,mary97@example.org,South,2025-02-13,True
695,Adam Jones,gdavis@example.net,East,2025-02-12,True
125,Sandra Gilbert,antonio53@example.com,North,2025-02-12,True
928,Christopher Tate,martinezmitchell@example.org,West,2025-02-11,True
529,Bruce Palmer,huge@order,North,2025-02-10,False
444,Sheryl Acosta,,Central,2025-02-09,False
556,Kimberly Stout,zfernandez@example.org,East,2025-02-09,True
314,Danielle Golden,colemichael@example.org,South,2025-02-07,True
787,Rebekah Crosby,harry71@example.com,Central,2025-02-07,True
492,Jeffrey Smith,kristenjoseph@example.net,Central,2025-02-05,True
867,Chelsea Johnson,pwong@example.org,North,2025-02-05,True
597,Kenneth Williams,zbaker@example.net,Central,2025-02-04,True
555,Travis Ryan,owelch@example.net,Central,2025-02-04,True
70,Jeffrey Wood,alexander67@example.org,East,2025-02-03,True
937,Sylvia Gonzalez,agent@person,North,2025-02-02,False
958,Rebecca Lee,ubenson@example.net,Central,2025-01-31,True
37,Aaron Wise,evan78@example.net,Central,2025-01-30,True
621,Victoria Camacho,dwatts@example.org,East,2025-01-30,True
55,Emily Fischer,usalazar@example.net,West,2025-01-29,True
677,Shannon English,dhanson@example.net,West,2025-01-28,True
36,Sarah Wagner,rebecca01@example.net,North,2025-01-27,True
3,Kimberly Robinson,lisa02@example.net,Central,2025-01-26,True
12,Brenda Snyder PhD,hernandezernest@example.net,South,2025-01-26,True
30,Scott Powell,bethwilliams@example.org,East,2025-01-24,True
393,Joshua Arellano,angelarandall@example.net,West,2025-01-24,True
635,Andrew Lane,mark10@example.org,North,2025-01-22,True
116,Amanda Diaz,christopherphillips@example.net,West,2025-01-21,True
173,Sandra Davis,lisawilkerson@example.org,South,2025-01-21,True
886,Brittany Molina,icobb@example.com,South,2025-01-20,True
649,Bruce Patton,,Central,2025-01-20,False
586,Kimberly Greene,,East,2025-01-19,False
985,Seth Hill,elizabeth13@example.com,East,2025-01-18,True
435,Craig Gonzalez,marie35@example.net,Central,2025-01-17,True
93,Catherine Richards,ecosta@example.com,East,2025-01-16,True
122,Maria Reid,tblankenship@example.net,West,2025-01-16,True
26,Kimberly Smith,housemelinda@example.org,West,2025-01-15,True
150,Amanda Smith,atkinsbarbara@example.net,Central,2025-01-13,True
450,Jillian Wilson,bmcgee@example.org,West,2025-01-12,True
9,Margaret Hawkins DDS,perezantonio@example.com,East,2025-01-11,True
833,Susan Mccann,josechristian@example.org,East,2025-01-11,True
497,Daniel Barton,dennis88@example.org,South,2025-01-08,True
838,Michael Ellis,harrisonmonica@example.net,East,2025-01-08,True
278,Amy Kim,petersonkayla@example.net,South,2025-01-07,True
31,Kelly Donovan,elizabethedwards@example.com,North,2025-01-07,True
484,Jonathan Roberts,catherine47@example.com,East,2025-01-06,True
215,John Bryant,markaustin@example.org,Central,2025-01-05,True
990,Carolyn Smith,thompsondavid@example.net,East,2025-01-03,True
567,Zachary Gonzalez,boydtina@example.com,East,2025-01-02,True
709,Collin Johnson,cortezbrittany@example.com,South,2025-01-02,True
335,Jonathan Wheeler,hatfieldsarah@example.org,East,2024-12-31,True
180,Troy Stephens,myerstheodore@example.net,West,2024-12-31,True
193,Matthew Wright,or@buy,East,2024-12-31,False
446,Lisa Reynolds,,East,2024-12-30,False
658,Jeremy Anderson,dberger@example.org,South,2024-12-29,True
611,Courtney Peterson,fsandoval@example.net,West,2024-12-28,True
329,Brandon Shaffer,edwardsnicole@example.org,East,2024-12-28,True
987,Jonathan Murray,fowleremma@example.com,West,2024-12-27,True
546,Heather Nunez,champton@example.org,South,2024-12-27,True
8,Maria Lynch,amandasanchez@example.com,North,2024-12-26,True
510,Carol Jennings,ecarlson@example.org,Central,2024-12-25,True
803,Jose Fisher,dominguezbrianna@example.com,North,2024-12-25,True
255,Mason James,,West,2024-12-24,False
502,Carrie Valdez,briana18@example.com,East,2024-12-24,True
516,Colin Fletcher,lanedavid@example.org,North,2024-12-23,True
138,Kara Davis,daviscolin@example.net,Unknown,2024-12-21,True
753,Cody Hart,wadetiffany@example.org,South,2024-12-21,True
760,Terri Kerr,raymond65@example.com,South,2024-12-21,True
831,Brandi Thompson,lauren31@example.com,North,2024-12-17,True
965,Crystal Williams,ronald76@example.com,South,2024-12-17,True
469,Priscilla Berg,rhondabush@example.net,East,2024-12-17,True
119,Michael Craig,zcoffey@example.net,Central,2024-12-16,True
782,Valerie Garcia,samanthayork@example.com,South,2024-12-16,True
539,Louis Green,joel79@example.com,South,2024-12-16,True
491,Emily Hayes,heather29@example.net,Central,2024-12-15,True
740,Rachel Miller,jill08@example.net,South,2024-12-15,True
11,David Hoffman,julie69@example.com,East,2024-12-13,True
885,Gloria Wagner,adamsjennifer@example.com,West,2024-12-12,True
757,Michael Wilson,,North,2024-12-10,False
453,Heidi Chavez,malonejeffrey@example.com,East,2024-12-08,True
371,Raven Mclaughlin,barbaramcgrath@example.com,Central,2024-12-08,True
779,Nicole Patton,brianagonzalez@example.net,North,2024-12-05,True
153,Richard Jones,schmidtjames@example.com,West,2024-12-05,True
634,Diana Fuller,brandonhernandez@example.net,North,2024-12-04,True
305,Kelsey Fowler,lcarr@example.org,Central,2024-12-03,True
299,Brenda Collins,hmueller@example.com,Central,2024-12-03,True
223,William Evans,janet75@example.com,North,2024-12-03,True
873,Debra Wong,nwilson@example.net,East,2024-12-02,True
609,Amanda Nielsen,matthew62@example.org,West,2024-12-02,True
487,Kenneth Long,itself@western,South,2024-11-30,False
557,David Torres,millskatherine@example.org,Central,2024-11-30,True
35,Deborah Preston,josephjacobs@example.net,East,2024-11-29,True
74,Allen Rosales,tonykelly@example.com,East,2024-11-27,True
973,Shane Torres,porterdonna@example.com,South,2024-11-27,True
100,Janet Weeks,michellehill@example.com,Central,2024-11-27,True
943,Jody Marshall,,South,2024-11-27,False
710,Maria Porter,blevy@example.org,West,2024-11-27,True
105,Charles Pitts,charlesharrington@example.com,West,2024-11-26,True
136,Matthew Rich,russellbeasley@example.com,South,2024-11-26,True
376,Shannon Yu,janet69@example.org,Central,2024-11-25,True
322,Jennifer Donaldson,troymorris@example.com,South,2024-11-25,True
428,Rodney Evans,stephen89@example.net,Central,2024-11-25,True
414,Sara Hoffman,kenneth17@example.org,Central,2024-11-24,True
287,Travis Cook,vbrock@example.com,Central,2024-11-23,True
839,James Henderson,charles80@example.org,North,2024-11-22,True
227,Dana Santiago,danawilliams@example.com,East,2024-11-20,True
668,Eric Sullivan,jenningscandace@example.com,North,2024-11-18,True
349,Amber Morales,xcline@example.com,West,2024-11-18,True
121,Mark Watson,thomasharvey@example.net,Central,2024-11-18,True
320,Anna Robertson,heather57@example.com,West,2024-11-18,True
959,Tammy Hines,melissaphillips@example.org,Central,2024-11-18,True
988,Savannah Sanders,kingjenna@example.org,North,2024-11-18,True
289,Vincent Novak,jessica79@example.org,North,2024-11-17,True
569,Christina Clay,teresayoung@example.com,North,2024-11-16,True
316,Robin Trujillo,amanda98@example.org,West,2024-11-15,True
72,Kimberly Webb,,Central,2024-11-14,False
368,Heather Stephens,kcooper@example.net,West,2024-11-14,True
49,Roy Torres,russellcarpenter@example.net,North,2024-11-14,True
912,Daniel Gallegos,imiller@example.net,North,2024-11-13,True
206,Jeffrey Washington,matthewthomas@example.net,West,2024-11-12,True
913,Katherine Peck,samuel60@example.net,West,2024-11-11,True
759,Jill Powers,,West,2024-11-11,False
377,William Oconnor,fconner@example.net,East,2024-11-10,True
694,Raymond Curry,aprilbyrd@example.org,Central,2024-11-08,True
630,Mary Hernandez,haroldjoseph@example.com,South,2024-11-04,True
643,Robert Lewis,hannahking@example.org,West,2024-11-03,True
378,Kristina Preston,jeffrey92@example.com,Central,2024-11-03,True
42,Janet Williams,dwalker@example.com,North,2024-11-02,True
963,Amanda Robinson,shannonyoung@example.org,West,2024-11-02,True
358,Christine Parker,melissa12@example.net,West,2024-11-01,True
594,Matthew Guzman,walterscrystal@example.org,West,2024-11-01,True
840,Terry Barajas,smithwilliam@example.com,West,2024-10-31,True
259,Chelsea Gill,timothybooth@example.com,East,2024-10-31,True
253,Sabrina Young,valerieboyd@example.com,North,2024-10-29,True
646,Mr. Steven Herrera,steven60@example.net,North,2024-10-28,True
111,Julie Roberts,charleslandry@example.net,East,2024-10-28,True
816,Nathan Casey,heathchristopher@example.net,South,2024-10-27,True
862,Julie Hartman,awilliams@example.net,East,2024-10-27,True
76,Peter Vaughn DDS,bwest@example.org,East,2024-10-25,True
964,Laura Walls,jonathan12@example.org,West,2024-10-25,True
485,Kara Ferguson,julierobles@example.net,Central,2024-10-25,True
384,James Poole,franciscojones@example.org,South,2024-10-25,True
108,Ashlee Jackson,rebecca05@example.org,West,2024-10-24,True
770,Heather Brown,robert50@example.com,Central,2024-10-23,True
195,Micheal Osborn,elizabeth18@example.net,East,2024-10-22,True
947,Heather Silva,dylanparker@example.com,West,2024-10-22,True
548,Sarah Jones,matthewedwards@example.net,West,2024-10-22,True
683,Julie Gross,,West,2024-10-21,False
903,Jaclyn Crane,xrodriguez@example.net,Central,2024-10-21,True
467,Sharon Newton,yyoung@example.net,West,2024-10-20,True
639,Ashley Blair,webbhaley@example.net,West,2024-10-19,True
27,Dr. Steven Martin,same@side,Central,2024-10-18,False
849,Thomas Sanchez,vrhodes@example.org,South,2024-10-17,True
852,Erika Dennis,,West,2024-10-16,False
876,Sandra Nunez,laura29@example.org,Central,2024-10-16,True
922,Mr. Ryan James,megan39@example.net,East,2024-10-15,True
402,Tammie Prince,morganlaura@example.com,South,2024-10-14,True
303,Christina Vargas,nsmith@example.org,North,2024-10-13,True
723,Victoria Romero,qtownsend@example.org,East,2024-10-12,True
338,Jennifer Miles,davidsonamanda@example.org,West,2024-10-12,True
126,Jack Pollard,amy50@example.com,South,2024-10-11,True
934,Jordan Pace,nashmarcus@example.com,South,2024-10-10,True
71,Steven Stevens,ryangross@example.net,South,2024-10-07,True
403,Michael Garcia PhD,kevinmanning@example.com,North,2024-10-06,True
856,Brendan Richardson,tracymcclure@example.com,North,2024-10-06,True
142,Vanessa Cardenas,lynchdiane@example.net,South,2024-10-05,True
7,Jamie Chavez,francisco53@example.net,East,2024-10-05,True
617,Richard Rodriguez,anthonyodom@example.net,Central,2024-10-05,True
810,Kelli Lopez,,East,2024-10-05,False
217,Michael Whitney,laura09@example.com,Central,2024-10-04,True
85,Elizabeth Oliver DDS,mezajared@example.org,Central,2024-10-03,True
390,Bradley Anthony,kristen77@example.net,West,2024-10-03,True
18,Mr. Philip Cannon,turn@policy,North,2024-10-03,False
391,Jasmine Watson,cwood@example.org,South,2024-10-02,True
494,Matthew Miller,michele28@example.org,North,2024-10-02,True
501,Anthony Hooper,dakota84@example.net,East,2024-10-02,True
304,Rebecca Ray,michaelgonzalez@example.org,West,2024-10-01,True
517,Robert Ortiz,,West,2024-10-01,False
120,Alexis Herrera,vrichardson@example.net,Central,2024-10-01,True
827,Kaitlin Gutierrez,jennifer12@example.net,North,2024-09-30,True
416,Lindsay Guerrero,jenniferrios@example.com,West,2024-09-29,True
699,Jesse Carney,qschwartz@example.com,East,2024-09-28,True
568,Taylor Moore,garnerandrea@example.org,West,2024-09-25,True
184,Emily Collins,ihays@example.com,North,2024-09-25,True
432,Martha Smith,butleromar@example.net,West,2024-09-24,True
64,Garrett Gibson,,Central,2024-09-24,False
933,Savannah Ibarra,james08@example.net,Central,2024-09-24,True
468,Tammy Hughes,tammy00@example.net,Central,2024-09-23,True
406,Sherry Johnson,nancygonzalez@example.org,East,2024-09-22,True
559,Rebecca Kelley,robertcastro@example.com,South,2024-09-22,True
566,Steven Wright,spend@level,Central,2024-09-21,False
583,Anne Hardy,hlopez@example.net,South,2024-09-21,True
24,Megan Joyce,customer@not,West,2024-09-21,False
884,Chad Allison,xmontes@example.org,North,2024-09-19,True
340,Maria Collins,pblair@example.org,East,2024-09-18,True
52,Miss Patricia Gibson,jennifercruz@example.com,North,2024-09-18,True
869,Christian Park,cruiz@example.net,West,2024-09-17,True
370,Hunter Silva,terrigarcia@example.net,South,2024-09-16,True
956,Jamie Cobb,morganjason@example.com,South,2024-09-15,True
853,Natasha Payne,qdavis@example.org,South,2024-09-15,True
813,Debra Mitchell,jonathanburke@example.com,West,2024-09-14,True
401,Jamie Montgomery,vwilliams@example.net,East,2024-09-13,True
112,Melissa Bryant,james67@example.org,South,2024-09-13,True
817,Troy Mosley,sandersmary@example.org,North,2024-09-12,True
57,Richard Washington,joshuajones@example.com,West,2024-09-11,True
102,Mr. Phillip Bennett,molly39@example.com,East,2024-09-10,True
351,Raymond Gonzalez DVM,,Central,2024-09-10,False
267,Sara Jones,duranrobert@example.net,West,2024-09-09,True
229,Victor Morris,velezchristopher@example.net,East,2024-09-09,True
20,Joseph Martinez,calebsmith@example.net,East,2024-09-08,True
345,Holly Scott,shannonemily@example.org,West,2024-09-06,True
776,Alyssa Olsen,davidbenson@example.net,Central,2024-09-05,True
327,Matthew Padilla,lewischristian@example.net,West,2024-09-05,True
936,Emily Myers,road@land,West,2024-09-04,False
348,Roger Duncan,shawrachel@example.org,North,2024-09-03,True
536,Jacqueline Stewart,part@career,West,2024-09-02,False
296,Paul Sheppard,grodriguez@example.com,South,2024-09-02,True
147,Douglas Gregory,trose@example.org,South,2024-09-01,True
929,Alejandro Campbell,james94@example.net,West,2024-09-01,True
874,Alisha Roberts,taylorkim@example.net,East,2024-08-31,True
455,Mikayla Rodriguez,jacobconrad@example.com,West,2024-08-28,True
543,John King,rosshannah@example.org,North,2024-08-28,True
58,Steven Miller,jessebenson@example.net,Central,2024-08-27,True
783,Jessica Rosario,maryzavala@example.com,North,2024-08-27,True
505,Mary Perry,jennifer77@example.com,Central,2024-08-25,True
461,Kayla Cameron,jennifer83@example.org,South,2024-08-24,True
665,Cynthia Sanchez,terrireyes@example.com,South,2024-08-23,True
603,Samantha Smith,torresthomas@example.com,East,2024-08-23,True
930,Tracy Johnson,tconway@example.net,Central,2024-08-23,True
670,Mary Chavez,peter97@example.org,North,2024-08-21,True
352,Ryan Wiley,aaron64@example.org,Central,2024-08-20,True
919,Beth Carroll,omiller@example.net,South,2024-08-19,True
96,Julia Brown,cindy77@example.org,East,2024-08-19,True
396,Daniel Lee,hendersonvanessa@example.com,East,2024-08-18,True
324,Alexis Noble,scottsmith@example.com,East,2024-08-18,True
288,Shannon Mccann,kevinmorrison@example.net,South,2024-08-17,True
967,Rachel House,wilsonmichael@example.net,North,2024-08-17,True
533,Karen Gomez,ian37@example.net,East,2024-08-16,True
764,Denise Thompson,wpage@example.org,South,2024-08-16,True
2,Javier Johnson,jesseguzman@example.net,South,2024-08-16,True
601,Wanda Ramos,scottglass@example.org,South,2024-08-16,True
931,Roberto Foster,ashley72@example.net,West,2024-08-12,True
478,Patricia Robertson,stucker@example.net,Central,2024-08-11,True
270,Renee Browning,hullalice@example.org,West,2024-08-11,True
835,Thomas Chavez,,West,2024-08-10,False
219,Patricia James,anthonyvaughan@example.org,North,2024-08-10,True
651,Susan Wallace,lloydrebecca@example.org,East,2024-08-10,True
561,Lisa Benson,justin84@example.com,North,2024-08-08,True
308,John Medina,angelaburns@example.org,East,2024-08-07,True
574,Karina Kim,amy73@example.net,North,2024-08-07,True
952,Nicholas Cisneros,lindsay63@example.com,Central,2024-08-05,True
488,Kayla Martin,christinaking@example.org,West,2024-08-03,True
847,Brian Cortez,daviddavis@example.com,East,2024-08-03,True
687,Brittany Griffin,josehaynes@example.com,South,2024-08-03,True
63,Leslie Alvarado,dayderek@example.com,West,2024-08-03,True
983,Stanley Bryant,peter26@example.org,East,2024-08-02,True
498,Mary Charles,katherinetaylor@example.org,North,2024-08-01,True
578,Jason Morris,millscarl@example.org,East,2024-08-01,True
346,Amanda Roy,brandoncox@example.org,Central,2024-08-01,True
626,Nathan Wilson,phillipmorris@example.org,East,2024-08-01,True
511,Alan Mills,mserrano@example.org,West,2024-07-31,True
341,Audrey Salazar,parkerjudith@example.net,East,2024-07-30,True
686,Darlene Gilbert,michaela01@example.net,North,2024-07-29,True
545,Alejandro Martinez,barbarasantos@example.net,South,2024-07-29,True
976,John Murphy,tfowler@example.org,South,2024-07-27,True
998,Randall Porter,marquezkylie@example.net,West,2024-07-27,True
978,Daniel Carter,gibsonmiguel@example.org,North,2024-07-27,True
389,Jeffrey Phillips,bgonzalez@example.org,East,2024-07-26,True
430,Jennifer Perez,jasonjohnson@example.net,East,2024-07-25,True
284,Richard Hardy,ashleyjackson@example.com,North,2024-07-25,True
994,Adrian Hoover,walkernicole@example.net,North,2024-07-24,True
310,Kathleen Cohen,,East,2024-07-24,False
265,Juan Harding,jonathan77@example.com,West,2024-07-24,True
386,Anna Wheeler,bbush@example.net,East,2024-07-22,True
619,Julie Banks,melissahenry@example.org,North,2024-07-21,True
471,Nancy Wilson,pattersonangela@example.org,East,2024-07-19,True
41,Sierra Johnson,kimberly63@example.com,Central,2024-07-18,True
33,Daniel Baker,nicole35@example.com,Central,2024-07-17,True
534,Shelley Clark,maryhuff@example.com,Central,2024-07-16,True
292,Rebecca Chambers,cynthiaallen@example.net,South,2024-07-14,True
388,Douglas Young,longandrea@example.com,East,2024-07-14,True
914,Brian Garcia,,North,2024-07-14,False
154,Maria Hernandez,thomasjames@example.net,East,2024-07-13,True
746,Christopher Mullen,rodriguezjoshua@example.net,North,2024-07-10,True
907,Brandi Taylor,qgill@example.com,South,2024-07-10,True
750,Stephanie Parker,,South,2024-07-10,False
88,Mary Peck,owilson@example.net,West,2024-07-10,True
728,Jaime Walker,drichards@example.com,Central,2024-07-07,True
957,Mary Pugh,ejohns@example.org,West,2024-07-07,True
178,Taylor Carlson,chenbailey@example.net,North,2024-07-06,True
486,Elizabeth Eaton,susan08@example.net,North,2024-07-05,True
904,Autumn Torres,kevin70@example.org,North,2024-07-05,True
454,Rebecca Kelley,jacqueline02@example.com,Central,2024-07-04,True
380,Tammy Ponce,daniellegarcia@example.com,North,2024-07-04,True
590,Samantha Ellison,clintonstevens@example.org,East,2024-07-03,True
676,Nathan Tucker,iproctor@example.org,North,2024-07-02,True
356,Ronnie Nguyen,enelson@example.org,Central,2024-07-01,True
405,Samantha Robertson,cameronmckinney@example.com,West,2024-07-01,True
194,David Griffin,back@live,Central,2024-07-01,False
123,Tracy Torres,pwilson@example.net,Central,2024-07-01,True
573,Renee Gonzales,andrewgray@example.net,North,2024-06-30,True
618,Crystal Hall,howardhailey@example.com,South,2024-06-30,True
999,Lindsay Jarvis,,South,2024-06-29,False
306,Lisa Cervantes,,Central,2024-06-29,False
596,Laura Davis,zroberts@example.org,East,2024-06-28,True
167,Ashley Wise,stanleynancy@example.net,East,2024-06-27,True
361,Joel Lara,davidbrown@example.org,East,2024-06-27,True
197,Cynthia Snyder,angela57@example.net,Central,2024-06-26,True
663,Gregory Murray,justinbailey@example.net,North,2024-06-25,True
199,William Day,howens@example.com,South,2024-06-25,True
932,Megan Morrison,cameronanderson@example.org,West,2024-06-25,True
752,Mary Hernandez,darylchaney@example.net,Unknown,2024-06-24,True
901,Melissa Gould PhD,jcolon@example.net,West,2024-06-24,True
563,Alec Williams,lopezcurtis@example.com,South,2024-06-23,True
89,Charles Brown,brooke94@example.com,East,2024-06-22,True
363,Steven Ramos,christopherboone@example.com,Central,2024-06-21,True
818,Kathryn Martinez,tyler13@example.net,Central,2024-06-21,True
519,Mr. Justin King,becky62@example.net,West,2024-06-19,True
78,Heather Chavez,john13@example.com,North,2024-06-19,True
641,Katherine White,jeanettekrause@example.org,East,2024-06-18,True
237,Amy Wilson,erik84@example.net,West,2024-06-17,True
530,Mr. Gerald Rowe,bmosley@example.com,Central,2024-06-16,True
298,Haley Johnson,phillipssamantha@example.org,West,2024-06-16,True
146,Jeremy Coleman,nperry@example.net,East,2024-06-15,True
434,Mercedes Barnes,huntchristine@example.com,East,2024-06-15,True
82,Julie Alexander,attention@institution,South,2024-06-15,False
714,Samantha Davis,marybrown@example.org,East,2024-06-15,True
599,Kelly Allen MD,kmorris@example.org,East,2024-06-14,True
67,Jacob Obrien,stricklandfrank@example.com,East,2024-06-11,True
701,Jeremiah Vasquez,chelseywhite@example.com,Unknown,2024-06-11,True
860,Kelly Phillips,arnoldsamantha@example.net,East,2024-06-10,True
286,Tony Le,mwheeler@example.com,Central,2024-06-10,True
880,Dr. Richard Hammond,paula89@example.net,West,2024-06-08,True
950,Julie Schwartz,christina65@example.org,Central,2024-06-08,True
181,Paul Kelly,cooperjessica@example.net,West,2024-06-07,True
34,Michele Carr,contrerasangela@example.net,North,2024-06-07,True
442,Mariah Robles,,East,2024-06-07,False
458,Sara Webb,heatherthompson@example.org,North,2024-06-07,True
656,Denise Moore,occur@hard,East,2024-06-06,False
773,Alexandria Holmes,kimberly65@example.org,West,2024-06-06,True
915,Meghan Brown,howard04@example.com,South,2024-06-04,True
418,Susan Powers,megan82@example.com,Central,2024-06-03,True
800,Russell Bailey,hubbardcolleen@example.com,South,2024-06-03,True
25,Javier Ramirez,nancyjones@example.net,South,2024-06-03,True
667,Michelle Copeland,vargassteven@example.net,West,2024-06-03,True
727,Erika Gonzalez,sing@itself,North,2024-06-03,False
893,Neil Singh,abigailfernandez@example.org,South,2024-05-30,True
440,Matthew Murphy,rfriedman@example.net,West,2024-05-30,True
281,Christian Dawson,jodistewart@example.org,Central,2024-05-29,True
419,David Stokes,staceylam@example.net,West,2024-05-28,True
366,Danielle Phillips,identify@certain,North,2024-05-27,False
745,Kim Carter,lauren13@example.com,South,2024-05-26,True
392,Darrell Adams,hernandezheather@example.org,Central,2024-05-25,True
628,Carly Quinn,wilsonshannon@example.com,North,2024-05-25,True
801,Hunter Bell,,East,2024-05-25,False
17,Sandra Parker,allenashley@example.org,Central,2024-05-25,True
203,Brittany Hopkins,megan90@example.org,West,2024-05-22,True
240,Melanie Larson,foxallison@example.com,West,2024-05-20,True
863,Jordan Santiago,matthew23@example.org,East,2024-05-20,True
681,Steve Davis,qmccoy@example.net,South,2024-05-20,True
685,Dorothy Mclaughlin,mitchellchristopher@example.net,North,2024-05-19,True
166,Trevor Peterson,ilee@example.org,Central,2024-05-19,True
532,Ronnie Wright,rosskaitlyn@example.com,Central,2024-05-18,True
68,Eric Byrd,tsanders@example.org,North,2024-05-18,True
470,Nancy Gonzalez,kellythompson@example.net,Central,2024-05-17,True
205,Kimberly May,timothy64@example.com,Central,2024-05-16,True
473,Lisa Stanley,jtyler@example.com,East,2024-05-16,True
675,Heather Butler,whitney22@example.org,North,2024-05-15,True
149,Casey James,vincentwhitaker@example.com,North,2024-05-15,True
21,Benjamin Welch,carlosjohnson@example.com,West,2024-05-14,True
481,Mitchell Johnson,brownlaura@example.net,Unknown,2024-05-14,True
738,Richard Wood,apadilla@example.net,North,2024-05-14,True
979,Jennifer Moore,well@tree,Central,2024-05-13,False
29,Amy Silva,brianromero@example.org,East,2024-05-13,True
291,Nicholas Hahn,samuelcarter@example.net,North,2024-05-13,True
156,Kristy Reid,michelle52@example.com,South,2024-05-12,True
778,Ricky Palmer,harrisonrebekah@example.org,North,2024-05-11,True
647,Emily Herrera,barbararivera@example.com,Central,2024-05-11,True
620,Jason Novak,stephanie33@example.org,Unknown,2024-05-11,True
940,Angela Brown,bennettpamela@example.net,East,2024-05-10,True
975,Troy Rivera,nbaird@example.com,Central,2024-05-09,True
888,Andrea Morgan,kholden@example.com,South,2024-05-07,True
811,Rhonda Farrell,umichael@example.net,Central,2024-05-06,True
798,Melissa Armstrong,khart@example.net,West,2024-05-03,True
689,James Guerrero,jasonnavarro@example.com,West,2024-05-02,True
472,Abigail Owens,billmcfarland@example.net,West,2024-04-30,True
448,Sheila Jones,vflores@example.com,Central,2024-04-29,True
145,Eric Nguyen,wareeric@example.net,South,2024-04-29,True
457,Joanna Barrett,tamarasmith@example.net,Central,2024-04-28,True
254,Travis Hobbs,conniesimmons@example.com,West,2024-04-27,True
642,Robert Mclaughlin,laurenduarte@example.com,South,2024-04-26,True
214,Todd Fischer,certain@sell,Central,2024-04-26,False
51,Robert Potter,jeffrey32@example.org,West,2024-04-26,True
842,John Davis,hthomas@example.com,West,2024-04-25,True
777,Carlos Miller,joneskim@example.com,West,2024-04-24,True
857,Ann Henderson,christina66@example.org,East,2024-04-22,True
115,Mark Oliver,courtneyberger@example.net,North,2024-04-21,True
892,Jessica Reed,trowe@example.org,South,2024-04-20,True
702,Jessica Mendez,,North,2024-04-18,False
365,Carrie Lewis,joshuagriffin@example.org,West,2024-04-18,True
991,Phillip Byrd,scottthompson@example.net,East,2024-04-18,True
394,Sharon Wells,thomasmiller@example.net,East,2024-04-18,True
734,Kenneth Smith,williamsthomas@example.net,East,2024-04-17,True
250,Ralph Stephenson,allencarlos@example.net,East,2024-04-17,True
379,Bethany Daniel,xrosales@example.net,Unknown,2024-04-16,True
204,Patricia Baker,katiebutler@example.net,West,2024-04-15,True
972,Cole Carrillo,cclark@example.net,East,2024-04-15,True
662,Susan Myers,kristina57@example.com,East,2024-04-15,True
61,Tiffany Barnes,tracynelson@example.com,Central,2024-04-14,True
364,Amber Glass,zunderwood@example.com,South,2024-04-14,True
302,Crystal Sullivan,jacobsandoval@example.com,South,2024-04-14,True
799,Kevin Gray,katie45@example.org,North,2024-04-13,True
477,Erica Moon,cruzamber@example.com,West,2024-04-11,True
464,Stephanie Ferguson,hstokes@example.org,West,2024-04-11,True
209,Cheryl Moore,tjimenez@example.com,West,2024-04-09,True
654,Felicia Small,meyerdonna@example.com,North,2024-04-09,True
300,Nathan Chavez,,East,2024-04-09,False
758,Lee Lee,kimberlywang@example.org,South,2024-04-09,True
362,Jacqueline Mccoy,aguilarjonathan@example.org,North,2024-04-08,True
955,Julian White,thompsonjose@example.org,Central,2024-04-08,True
868,Rachel Lee,kayla27@example.com,East,2024-04-08,True
165,Nancy Jennings,lucasrodney@example.com,West,2024-04-06,True
482,Susan Russell,bmccoy@example.com,Central,2024-04-05,True
336,Jennifer Payne,kathrynbest@example.org,West,2024-04-05,True
993,James Harris,nicholasallen@example.org,East,2024-04-04,True
130,Sean Anderson,kristy39@example.com,West,2024-04-04,True
263,Dale Edwards,hartjeffrey@example.org,West,2024-04-04,True
861,Brandon Guerrero,michael91@example.net,North,2024-04-04,True
233,Brian Martin,twong@example.org,Central,2024-04-03,True
80,Diane Garcia,kennethward@example.com,North,2024-04-03,True
283,Ashley Davis,carlsonkristen@example.com,West,2024-04-02,True
439,Heather Rhodes,grodgers@example.org,South,2024-03-31,True
148,Mrs. Christine Dougherty,kathrynroberts@example.org,North,2024-03-29,True
633,Kevin Alvarez,mramos@example.net,Central,2024-03-28,True
763,Briana Turner,carl96@example.org,West,2024-03-28,True
235,Angie Caldwell,tinawoods@example.org,South,2024-03-28,True
425,Anita Mendez,epowell@example.com,Central,2024-03-27,True
631,Tonya Roberts,davidanderson@example.org,West,2024-03-26,True
703,Nicholas Waters,mosleyeduardo@example.net,North,2024-03-24,True
